temperature,humidity,wind_speed,solar_radiation,peak_hour,energy
17,51,12.0,137,23,62.84
35,25,6.49,659,6,72.57
39,46,9.55,153,13,65.79
31,69,8.58,212,18,66.51
6,49,12.68,650,7,56.0
21,97,12.09,963,18,108.53
10,97,4.51,886,15,82.86
22,21,10.38,863,10,66.01
-1,95,5.77,655,4,50.98
0,97,7.82,235,4,52.14
30,96,8.05,261,15,69.63
12,90,11.36,831,14,88.0
-4,39,2.89,829,7,41.99
2,79,11.3,356,17,65.41
23,54,8.09,875,19,81.1
0,32,2.36,426,7,34.01
31,81,4.7,671,13,82.71
20,59,10.04,945,23,90.67
-6,72,14.1,364,1,38.58
-4,92,1.05,311,22,45.74
31,95,10.76,492,17,85.48
30,97,8.19,216,1,56.0
9,63,10.16,786,17,80.04
-7,97,7.9,572,24,71.33
41,53,13.05,213,21,77.8
13,84,5.02,780,7,64.11
34,99,7.36,880,22,104.79
9,25,8.72,910,20,76.09
39,36,1.09,687,5,64.18
37,81,14.98,608,6,80.67
11,55,7.94,808,11,64.62
43,48,12.86,584,7,78.35
8,86,14.07,215,19,66.79
-4,27,13.47,932,24,76.31
35,72,2.2,596,10,68.73
38,40,4.22,172,22,58.03
-8,45,3.96,175,24,44.41
37,51,2.99,749,8,68.77
32,70,1.65,791,11,83.49
0,33,2.71,481,15,41.27
1,96,2.6,816,21,73.56
39,76,14.88,463,14,92.89
-5,65,0.17,260,17,33.92
19,96,2.56,214,22,71.02
13,55,4.7,175,8,32.13
41,48,13.87,96,20,67.29
7,29,12.16,884,10,66.25
18,83,1.6,65,17,51.74
33,22,0.34,114,10,35.38
36,40,9.29,581,6,70.97
-1,98,6.18,940,7,78.86
44,62,14.01,365,10,74.42
19,28,9.24,550,15,69.59
36,95,9.79,853,10,95.32
22,99,12.89,250,18,81.49
21,60,14.34,58,9,58.03
38,97,14.69,513,7,94.14
23,48,11.58,155,21,59.02
43,36,13.18,400,22,85.19
20,81,1.72,377,4,50.17
43,44,0.02,65,3,45.39
30,79,3.77,875,15,94.38
-8,42,9.33,716,24,58.02
41,66,12.28,48,12,68.05
19,61,3.75,103,18,46.96
26,77,3.55,415,16,70.5
24,65,0.53,616,24,76.42
25,25,14.84,384,10,54.86
5,76,4.62,344,21,54.01
40,41,4.78,385,16,75.03
43,29,5.71,437,19,79.8
-5,61,4.7,528,9,49.44
35,71,9.6,447,16,87.3
41,67,9.86,301,9,72.53
6,75,4.1,291,3,36.16
-5,73,7.87,248,21,44.37
8,29,14.48,180,5,37.77
-4,97,7.27,361,6,56.08
17,78,14.19,55,3,48.6
30,86,13.65,436,23,93.98
-5,94,11.41,502,11,57.07
-7,49,9.93,792,15,69.61
24,82,6.21,267,17,63.69
41,90,4.47,95,23,66.81
29,78,6.71,573,21,91.33
35,63,7.31,650,6,75.46
3,65,11.96,384,23,62.2
13,64,13.93,368,23,76.49
-7,79,2.79,153,3,25.05
21,42,9.56,462,10,59.79
38,99,1.34,71,14,56.45
18,79,9.48,795,2,72.85
6,99,9.37,703,2,60.99
34,79,14.28,942,23,116.13
-3,52,5.56,149,15,40.68
4,21,3.23,381,19,46.21
36,98,2.59,603,16,82.61
5,70,8.94,626,22,66.64
15,77,0.49,208,7,35.84
-3,62,12.53,57,16,47.56
23,61,2.96,680,7,63.78
31,36,0.84,634,21,63.93
-10,94,4.92,363,23,61.76
43,73,7.16,857,13,98.14
26,83,3.49,659,11,67.7
22,43,12.37,252,19,57.16
30,78,10.43,903,14,89.1
-5,92,2.89,881,14,65.0
8,23,6.1,581,11,46.34
16,74,5.17,387,11,63.06
8,60,5.66,400,9,44.48
10,90,6.11,541,12,73.84
-5,85,2.28,999,7,58.87
21,41,5.54,919,13,74.99
44,34,7.21,352,24,80.72
18,53,8.34,84,22,55.02
24,37,14.26,965,15,83.55
-3,48,4.5,123,23,40.77
3,63,5.3,375,3,44.86
15,49,13.9,388,2,51.99
0,54,2.75,436,9,41.13
37,100,3.36,3,12,67.95
34,95,12.02,794,3,85.18
20,75,12.85,375,19,78.8
8,33,12.15,524,17,61.79
17,41,10.92,244,23,57.24
22,54,10.46,874,21,92.24
26,96,6.41,109,4,46.22
14,62,12.87,420,16,63.81
42,38,8.41,456,16,74.55
21,28,7.7,463,1,40.4
17,38,14.8,791,22,86.37
12,81,13.61,716,6,68.53
19,78,11.98,364,12,65.55
-2,62,10.07,144,17,42.35
-10,28,6.13,710,3,32.26
5,48,3.46,605,9,42.5
28,96,9.82,703,8,89.8
1,83,5.51,601,24,73.44
-1,22,2.94,820,4,44.5
-9,82,9.18,166,10,33.85
33,75,12.5,391,24,90.79
24,98,10.26,360,16,74.2
-5,78,11.76,180,13,39.11
-6,27,9.63,467,18,50.99
44,45,4.73,493,16,71.74
26,42,12.7,145,6,51.58
5,43,9.74,765,12,67.17
43,86,0.77,36,12,63.89
5,36,4.0,35,2,23.0
36,55,9.57,170,20,63.23
28,40,3.2,608,8,55.08
17,47,13.9,638,7,73.85
0,27,7.85,925,10,56.76
15,42,5.42,657,22,75.79
16,26,12.85,399,14,56.57
37,70,11.22,299,20,85.68
-9,25,13.37,14,23,36.21
20,73,4.66,694,12,65.26
36,27,7.32,417,8,59.88
-10,20,5.71,408,5,20.4
-2,98,10.28,358,16,64.63
5,92,9.36,517,9,64.04
40,27,4.43,645,1,58.24
23,66,13.91,260,3,51.86
2,28,1.4,994,4,51.91
26,22,10.49,412,2,54.66
3,72,12.6,400,5,60.41
36,95,9.96,709,8,84.27
16,42,8.12,851,12,73.93
15,36,12.82,711,14,76.53
18,93,11.11,371,10,70.26
41,99,3.81,477,14,77.58
38,52,6.53,49,17,57.03
7,100,1.01,557,17,65.33
16,23,1.54,666,20,54.05
41,59,1.11,548,19,76.6
7,41,6.23,376,24,57.23
-2,70,2.29,437,14,42.09
41,61,0.53,936,20,98.06
29,34,7.22,39,1,37.22
19,60,11.99,321,7,54.03
37,70,0.22,941,6,82.23
-3,28,8.28,608,13,42.72
4,35,7.61,299,1,31.93
32,83,4.34,768,16,89.89
33,66,10.82,994,8,95.63
25,68,3.52,712,4,60.59
20,59,12.44,934,7,79.63
-8,73,6.1,44,3,19.42
7,51,10.07,75,13,41.85
21,45,11.35,912,2,77.43
-3,100,11.4,921,24,92.39
2,66,7.69,223,14,46.17
33,70,2.49,360,10,64.38
23,90,14.23,349,3,67.71
44,96,8.47,362,9,81.51
39,89,6.6,251,14,76.16
6,79,2.89,223,5,31.49
20,92,7.21,364,21,82.27
26,47,13.21,203,11,62.36
7,93,6.75,431,20,73.29
13,52,5.2,34,3,34.81
4,83,0.96,780,23,73.19
45,80,6.11,682,7,88.5
7,89,3.95,144,1,39.32
29,86,7.97,263,19,67.08
44,92,14.11,190,14,89.1
15,41,1.39,684,2,50.54
23,33,14.95,585,7,66.84
14,87,14.71,557,23,94.41
23,21,0.11,228,5,35.85
-3,30,5.48,883,17,62.79
-6,63,7.03,626,3,55.0
42,74,9.1,287,8,73.67
18,60,6.22,295,13,60.87
5,59,5.42,57,20,42.12
7,89,8.15,442,1,46.71
11,43,3.49,537,14,51.98
2,78,12.5,39,5,43.19
38,47,9.78,125,20,63.18
-10,75,8.37,598,24,66.84
-9,95,4.13,904,19,79.64
25,60,0.65,320,14,48.28
39,47,6.62,146,6,58.12
-9,75,11.28,696,24,74.25
1,21,0.58,176,10,15.09
39,29,6.06,224,23,70.87
6,80,6.23,706,19,74.29
29,45,14.5,862,7,78.42
2,83,6.43,452,10,57.62
22,64,13.91,892,24,103.16
21,81,2.34,423,19,69.28
32,71,0.53,220,15,63.27
34,87,3.81,95,10,56.85
38,63,10.34,221,6,61.71
43,28,10.13,79,22,62.8
-7,84,13.08,441,21,69.86
18,30,6.3,777,24,67.63
-4,53,9.81,646,23,59.23
-6,36,1.9,347,11,23.38
17,61,2.77,452,18,65.89
43,25,7.4,66,22,54.51
8,39,2.11,976,5,63.94
16,48,7.32,724,20,70.22
31,99,11.04,394,17,84.08
19,63,7.28,985,15,85.8
-7,29,3.71,674,21,45.24
-4,72,13.99,432,19,61.62
44,100,6.26,115,2,66.38
-3,63,9.95,802,12,61.12
30,32,10.92,540,23,77.09
3,51,9.14,510,17,60.71
-7,46,11.49,855,17,69.35
27,72,10.72,643,2,74.3
-5,74,8.79,870,6,70.55
24,58,4.96,833,6,69.86
13,39,10.06,175,6,33.88
7,49,6.95,884,2,60.16
-4,78,3.84,207,4,28.19
-4,75,4.73,577,17,53.66
0,70,14.82,580,12,72.76
44,35,8.72,611,8,77.59
28,88,0.36,10,19,59.16
4,31,11.93,601,19,61.19
10,65,9.84,755,3,63.75
11,84,12.62,616,8,69.41
34,81,1.9,445,8,67.24
11,92,10.57,528,10,68.32
12,97,12.69,414,12,77.39
11,99,11.59,231,18,60.28
3,46,9.94,980,4,59.16
-5,51,8.83,992,19,78.42
10,29,8.31,938,22,81.67
38,50,11.9,140,15,73.43
21,45,11.37,471,13,73.53
4,43,7.11,733,24,65.35
24,47,1.62,886,13,74.47
37,60,6.12,364,20,68.35
40,96,7.28,120,8,69.34
45,60,6.7,336,23,82.14
43,28,11.57,592,23,92.06
37,96,10.73,970,4,99.8
37,74,6.37,90,3,52.3
23,35,14.49,771,10,70.67
6,93,9.77,355,16,68.04
-5,44,5.09,71,7,18.56
8,81,4.99,430,24,61.79
34,94,4.26,878,9,85.63
-2,21,12.17,644,17,51.48
39,52,0.34,292,6,50.28
42,57,5.14,810,13,94.29
-1,39,12.5,27,23,39.93
44,45,12.26,839,21,106.55
-4,62,1.09,94,4,17.78
9,31,12.03,701,10,67.52
17,20,1.37,358,11,39.84
30,26,0.89,745,22,74.84
22,83,9.8,602,3,70.07
-6,56,6.11,168,19,35.51
-8,65,4.87,145,17,33.99
41,30,9.15,322,9,54.82
24,61,2.21,938,18,90.18
40,90,11.4,705,12,94.0
19,73,14.82,174,22,75.49
44,35,13.26,723,16,84.6
33,80,10.74,191,14,72.87
33,85,0.09,196,22,59.37
-2,54,5.15,904,19,65.34
9,61,4.21,628,8,63.43
12,79,11.95,984,13,86.0
25,39,5.94,131,10,48.88
16,45,4.75,687,1,56.41
11,20,14.27,449,16,61.61
7,51,8.54,313,10,51.56
14,97,5.12,104,20,63.5
30,42,1.66,754,5,63.14
0,74,8.09,363,3,43.92
6,58,9.22,294,15,54.31
16,48,2.3,620,11,51.44
40,32,14.34,174,20,69.99
43,55,10.01,590,21,94.49
20,91,9.93,85,17,67.95
24,93,14.63,661,19,90.94
16,84,9.17,719,14,82.14
28,58,4.23,40,5,33.99
13,21,2.04,282,5,38.08
13,97,10.53,50,19,56.79
32,35,5.78,405,18,69.55
31,21,13.95,391,6,61.72
19,27,7.69,924,12,74.26
1,96,1.61,468,18,61.53
18,57,15.0,403,21,66.64
21,34,10.31,15,19,48.55
20,94,5.24,708,19,89.35
45,93,2.9,957,18,101.45
-2,91,12.56,592,13,73.12
5,58,9.3,147,13,48.96
19,74,8.17,247,20,64.63
35,84,10.25,803,5,88.46
17,48,14.64,557,12,77.01
36,70,12.1,959,5,95.17
-5,49,7.77,26,3,28.26
6,41,0.19,985,19,66.06
28,29,11.37,629,2,57.6
29,82,5.47,912,22,95.72
8,35,1.44,390,2,32.23
45,72,9.41,280,23,85.97
22,59,6.28,722,9,68.36
29,38,5.01,568,6,60.86
12,100,14.51,221,21,68.2
37,54,7.06,557,13,69.7
11,50,10.66,416,11,51.81
44,28,13.85,317,16,75.2
-10,29,14.84,748,3,51.19
12,30,10.98,66,1,36.89
23,42,7.74,337,14,63.45
41,94,10.28,752,4,91.37
21,59,10.15,175,13,57.66
43,28,9.13,824,14,84.0
39,38,3.67,32,2,34.6
2,90,7.76,351,15,61.91
21,41,2.29,680,10,67.04
37,76,2.25,982,15,99.62
29,22,2.93,677,21,75.35
-10,65,4.11,811,11,58.59
19,26,1.94,846,17,60.81
39,84,7.06,567,20,86.9
24,52,14.09,746,2,74.91
44,61,3.99,351,18,69.37
44,58,2.58,223,9,54.96
-8,98,8.64,732,13,66.99
30,20,4.86,224,17,54.73
27,31,3.6,99,15,50.76
5,51,11.94,939,12,69.96
31,83,14.13,888,6,96.98
10,55,3.37,429,24,60.41
5,76,13.86,861,23,90.67
17,82,8.68,616,8,67.3
2,61,2.01,711,9,52.68
-5,96,8.73,459,19,63.54
9,33,8.15,733,2,57.94
44,65,13.92,90,10,66.39
15,51,9.15,262,18,64.31
11,28,9.46,195,6,31.61
32,72,5.96,311,3,53.25
-4,24,7.41,252,12,34.88
23,60,3.01,91,22,50.59
-10,42,14.74,454,21,60.45
22,46,3.05,399,4,50.27
31,41,6.84,316,5,57.7
-8,92,14.46,606,6,70.78
-10,24,9.25,7,16,24.3
-6,68,9.63,373,21,49.48
22,74,11.78,50,12,52.41
11,86,10.95,202,3,52.79
-5,89,2.57,340,7,46.94
9,30,14.58,851,1,69.53
43,68,12.69,569,17,91.95
12,49,7.46,246,18,58.29
-10,45,14.63,298,4,35.7
26,95,5.7,724,9,80.43
39,81,14.4,69,18,76.98
36,47,9.53,712,18,94.61
33,39,3.27,851,14,83.49
13,84,7.26,727,1,66.28
-5,76,7.0,589,18,62.17
-2,89,8.33,902,18,84.5
23,24,2.17,970,13,63.55
34,28,13.63,489,13,65.57
42,52,9.1,279,8,68.43
31,55,2.72,306,15,60.82
5,86,7.13,322,19,67.29
-7,30,6.85,507,16,38.94
20,28,3.64,54,24,52.33
4,92,9.38,350,12,65.03
17,74,10.23,940,18,89.9
14,99,7.66,959,20,92.21
32,85,0.8,877,24,98.78
-10,41,8.87,218,18,41.26
0,24,9.94,791,8,61.95
45,99,2.41,565,22,87.65
-7,43,2.23,567,16,45.26
-7,58,3.59,382,24,52.59
45,47,1.75,250,21,75.28
30,70,13.42,872,2,87.12
-1,32,1.07,273,11,29.6
9,73,12.82,693,15,84.36
-2,26,13.8,854,14,66.33
1,29,9.2,386,15,40.71
35,55,12.67,219,15,75.91
-5,50,8.62,21,18,34.27
39,20,3.02,901,10,83.7
37,20,7.15,29,17,46.56
32,62,14.13,898,24,109.61
1,28,1.74,56,10,26.87
10,62,4.27,272,17,53.75
13,64,7.26,787,1,69.07
23,76,14.46,52,3,49.11
9,23,5.65,3,18,28.85
-4,46,3.25,613,11,46.5
5,91,14.36,521,10,66.28
23,28,5.3,954,19,76.31
40,51,6.55,314,21,79.97
-8,45,10.77,1,24,38.52
16,56,11.1,726,2,65.54
28,61,11.66,929,15,96.68
25,90,4.34,649,10,77.45
-3,79,2.36,755,4,61.03
27,45,6.65,140,7,49.43
-1,67,10.96,58,17,38.87
31,64,13.78,507,3,74.94
24,74,4.85,946,7,88.26
23,32,3.47,395,6,49.05
15,21,0.29,330,20,49.5
17,57,8.01,288,21,59.02
29,95,14.96,517,14,92.48
5,76,4.83,418,23,65.02
19,64,0.67,95,23,53.75
-5,20,12.4,700,16,51.84
-4,54,12.34,495,12,47.75
14,66,14.47,824,24,93.2
15,69,12.16,878,8,81.73
7,69,4.21,757,8,61.84
29,89,5.53,93,4,49.58
45,88,8.87,606,19,90.57
-5,64,3.4,807,19,58.65
5,21,4.07,88,17,34.29
5,45,7.15,49,18,33.03
-2,71,10.15,178,7,40.07
-2,60,12.26,639,12,56.69
33,27,10.62,83,9,46.43
30,77,13.31,628,11,93.06
44,86,6.59,773,12,101.52
10,28,2.21,624,24,60.55
36,90,6.48,240,9,63.62
-9,26,2.99,314,21,36.39
-4,33,0.99,216,20,27.88
39,44,0.12,94,15,42.33
1,37,2.76,403,18,47.61
-4,37,9.62,652,10,48.46
-6,84,1.29,848,4,48.62
-10,63,10.07,847,16,64.74
7,51,13.95,149,13,51.91
23,50,12.61,64,15,56.18
-8,53,3.76,625,5,46.9
36,86,10.66,797,9,98.56
-9,34,9.77,181,21,35.44
6,78,10.84,370,2,53.9
22,60,1.46,929,19,74.33
-10,52,8.21,980,22,73.9
14,52,4.6,314,1,38.79
45,86,8.56,781,8,93.38
33,26,7.0,741,22,83.1
-9,45,4.23,327,15,39.75
-2,60,11.79,70,20,49.59
-7,91,1.43,878,8,67.76
21,74,12.82,256,11,64.33
42,100,2.65,817,15,93.3
23,97,14.89,187,22,73.62
39,27,4.83,676,20,70.63
37,30,1.56,653,9,64.57
-6,73,8.38,855,17,76.43
26,57,1.46,253,14,51.54
31,69,4.99,728,4,70.88
20,82,14.17,347,12,67.39
30,72,14.04,800,21,97.32
12,62,10.48,565,11,73.61
-1,51,9.45,494,1,49.16
16,49,10.75,104,21,46.81
30,34,12.58,581,13,72.31
0,25,5.82,375,2,28.46
9,68,14.46,945,18,85.3
-9,47,1.36,380,9,26.02
18,67,8.6,664,20,74.59
35,81,8.33,199,16,75.4
36,62,2.44,968,12,91.58
40,86,8.52,585,1,78.24
2,83,6.18,47,6,37.9
9,42,14.89,862,11,69.86
32,45,10.51,949,13,96.61
11,55,5.06,519,6,53.7
14,66,14.01,399,15,71.65
35,37,9.75,197,24,75.59
-8,42,7.36,363,4,36.29
16,68,10.35,243,5,44.1
-3,53,5.98,554,11,46.65
7,97,6.71,432,12,66.09
2,75,2.48,632,18,63.86
-1,40,8.56,780,10,54.32
0,92,4.13,889,18,74.48
40,27,10.05,307,15,72.25
30,68,1.23,329,6,49.28
14,25,7.43,273,23,57.39
26,95,4.81,981,15,100.52
43,70,10.52,389,7,77.95
4,79,7.87,77,6,43.35
-6,28,12.27,841,12,53.03
-9,33,9.5,886,14,53.07
2,66,6.19,935,7,61.6
45,37,7.48,469,7,67.31
32,40,6.4,7,15,43.41
25,54,13.96,672,22,82.96
29,47,7.58,960,24,98.07
8,35,0.06,136,19,32.31
29,52,7.44,165,19,56.83
30,61,10.7,194,3,62.2
23,72,10.64,129,20,57.7
38,76,6.4,782,17,94.2
20,56,2.25,24,23,45.74
-8,89,6.5,636,22,75.09
17,73,3.41,742,13,77.81
17,70,11.64,848,2,76.5
17,39,8.54,613,1,48.41
44,70,14.45,709,23,110.06
21,47,6.48,327,19,55.95
25,62,11.45,765,13,83.3
-10,71,14.88,36,21,38.98
37,32,4.27,308,10,60.32
-8,51,4.86,201,17,37.8
3,32,11.99,884,1,60.31
3,76,6.5,813,11,75.66
30,63,5.03,704,15,83.53
21,94,3.6,213,2,45.07
36,91,0.86,758,17,93.92
5,75,0.34,713,6,53.88
17,54,7.27,150,19,57.2
45,97,3.39,510,5,74.69
45,68,0.6,127,19,59.37
5,22,14.08,5,12,39.48
5,57,11.47,473,6,58.24
8,30,6.24,770,22,66.05
28,50,8.3,508,6,57.25
10,77,12.61,534,19,67.82
28,59,6.6,266,9,49.68
32,87,14.36,720,3,86.55
-6,46,10.63,861,20,67.52
11,90,2.65,43,23,55.24
-5,65,12.41,586,3,54.2
18,97,13.68,617,19,96.05
-3,60,6.28,796,22,70.93
41,92,3.63,447,13,76.47
7,22,9.55,300,19,49.69
6,30,9.1,845,8,60.32
35,21,7.4,942,9,86.33
28,74,8.99,507,11,78.0
22,95,10.58,347,10,63.68
6,61,12.33,626,5,66.19
28,99,11.89,932,22,116.99
21,88,0.03,729,2,65.0
3,75,5.6,114,7,39.78
45,79,0.93,235,20,76.37
2,73,14.47,177,4,49.71
-8,20,9.5,29,23,24.24
36,74,4.63,374,1,54.85
-3,20,0.62,539,15,37.42
19,20,6.58,64,11,28.64
15,46,7.05,564,8,50.72
29,44,8.12,588,3,70.61
12,95,13.14,919,4,92.88
20,93,7.56,118,22,71.19
6,87,2.84,624,19,65.26
11,57,11.55,797,4,71.21
20,99,12.09,770,18,96.8
38,80,5.66,2,24,75.9
3,48,1.85,305,13,31.04
13,80,9.41,864,3,75.5
29,55,3.66,863,17,89.8
25,71,7.62,169,16,66.04
14,53,10.33,472,12,66.33
45,28,10.9,378,8,66.21
5,58,3.0,405,5,38.51
45,78,9.62,808,2,93.65
-2,93,3.22,612,17,68.49
42,72,3.9,885,4,80.95
-7,41,3.19,916,18,64.58
-1,56,14.68,728,16,70.69
-7,96,8.51,998,2,68.77
40,78,12.86,23,14,70.36
19,67,14.81,408,12,67.3
37,72,5.19,899,12,89.67
43,21,12.08,692,2,69.25
42,74,8.17,739,6,90.21
26,30,12.0,16,5,40.11
39,59,11.0,621,5,85.12
0,22,7.01,448,16,37.55
2,79,5.83,847,14,71.48
1,76,14.78,842,12,72.88
28,58,7.38,645,12,82.77
26,69,7.33,768,21,93.73
18,76,1.94,269,15,56.11
28,44,13.91,598,18,83.71
25,70,3.35,675,19,85.35
22,97,8.28,739,13,80.84
27,72,3.43,289,3,56.47
27,52,10.4,182,4,54.44
14,61,14.82,760,6,81.31
13,45,11.54,146,1,39.07
20,72,1.24,592,10,59.74
40,45,2.73,538,14,74.95
-10,94,1.94,462,12,49.76
38,20,6.97,889,14,87.61
21,37,7.55,118,5,39.16
21,52,6.24,848,21,87.01
13,38,7.36,33,7,32.06
10,99,10.1,669,18,82.94
39,88,8.78,245,20,86.05
15,24,4.87,233,13,45.73
35,57,6.29,239,20,65.61
38,30,12.3,698,21,94.77
45,29,2.61,971,2,77.39
-7,83,7.05,367,21,53.41
-3,91,0.06,981,23,72.18
23,21,10.2,601,16,63.22
24,34,0.73,69,2,22.56
30,31,12.61,405,1,55.62
-4,35,0.93,91,23,30.98
-2,68,4.87,110,8,34.83
1,62,14.74,129,20,54.89
-7,79,12.01,736,7,69.01
20,83,0.77,241,1,46.19
30,79,3.86,858,2,81.94
36,34,0.9,107,5,42.49
-4,90,1.72,20,8,34.28
10,37,13.38,44,1,40.43
15,50,2.93,898,8,70.56
36,43,10.54,454,11,65.45
34,90,5.66,994,14,96.01
27,31,9.75,846,7,75.47
26,59,6.52,372,11,53.43
8,62,0.31,73,7,22.21
11,59,4.84,763,14,60.63
34,30,5.19,356,2,55.14
40,40,12.0,917,23,110.11
-1,80,0.3,169,3,28.77
9,41,1.48,540,14,43.31
39,35,8.59,653,15,75.01
-5,40,11.55,498,3,46.09
34,53,3.63,82,13,51.75
5,46,10.51,773,17,71.83
-10,25,7.81,600,7,37.81
18,89,1.46,743,13,77.77
10,73,8.34,871,9,70.63
21,87,12.5,876,17,96.73
43,27,12.25,900,18,90.2
18,57,4.84,197,4,45.0
29,66,12.4,729,24,94.77
4,25,0.94,978,9,60.16
-6,55,11.01,896,5,55.24
-7,63,1.77,466,24,50.99
16,35,1.5,697,4,56.92
-3,91,8.4,780,19,80.89
24,74,4.45,318,11,57.32
44,93,12.22,124,2,65.73
0,53,2.89,935,2,59.93
40,71,3.91,411,6,62.78
22,28,1.95,380,5,41.32
30,85,3.46,763,6,84.38
33,89,12.62,570,4,89.29
28,87,10.62,647,20,84.67
36,75,9.96,57,22,75.65
23,47,4.38,213,6,45.99
13,21,5.7,514,2,36.87
-4,47,6.52,268,10,29.25
44,39,11.55,744,2,75.09
8,45,5.3,336,22,53.88
41,94,0.81,913,2,88.63
42,21,14.74,549,8,77.8
36,76,12.54,286,12,70.87
7,98,7.98,799,3,65.58
40,67,6.92,506,10,71.11
0,56,12.56,845,9,64.04
6,38,6.16,61,15,28.96
14,27,9.01,970,8,70.17
44,45,1.55,697,8,73.9
6,69,6.21,110,10,39.04
25,60,11.15,327,22,65.35
29,100,13.44,210,6,76.79
12,98,6.57,268,18,66.98
24,32,11.39,880,4,74.11
19,32,9.73,793,6,63.12
40,33,9.47,130,12,61.26
-4,49,14.02,680,15,66.48
14,86,13.52,680,11,88.42
20,95,10.98,43,14,55.26
-3,33,6.0,427,20,53.89
-3,100,13.52,424,15,69.0
18,34,5.07,42,9,28.96
1,31,14.69,237,8,35.93
-4,36,5.69,647,23,63.26
40,88,1.59,138,3,59.58
31,62,1.06,323,8,51.8
-10,87,3.18,983,12,67.57
22,67,10.89,394,6,61.75
11,75,0.93,586,14,64.89
11,98,13.83,672,21,89.84
42,100,3.62,994,12,110.18
44,81,2.27,770,8,91.19
12,50,0.56,306,11,39.95
-8,83,4.04,16,18,37.05
25,43,2.5,677,7,67.39
6,43,8.61,187,10,47.17
2,89,9.78,357,24,65.11
8,35,12.62,657,3,59.83
30,83,2.07,108,18,66.79
43,33,9.67,297,5,67.3
-8,69,1.71,731,14,61.33
-6,35,2.27,201,3,16.44
-1,43,0.07,394,19,36.74
18,55,9.24,77,16,46.75
20,33,8.15,757,15,68.27
21,37,9.21,572,19,67.21
45,47,3.63,912,6,79.49
-7,96,3.21,648,21,62.64
28,75,14.47,902,14,99.89
24,64,8.44,35,20,61.32
16,65,11.51,873,13,86.28
19,87,9.58,46,9,50.76
15,25,2.6,249,13,42.5
31,43,4.24,32,8,35.23
18,94,1.53,306,15,65.94
-4,28,7.06,325,22,40.64
-10,45,2.32,935,21,66.2
34,89,9.1,216,15,80.54
5,37,14.15,987,12,78.2
0,88,11.58,771,20,88.16
40,45,12.88,521,12,87.47
27,82,4.88,270,19,64.4
-6,31,10.22,124,17,34.21
-4,36,8.55,261,15,42.72
-4,80,11.26,138,3,41.0
33,90,2.76,953,15,90.65
33,26,1.68,713,13,61.66
43,85,2.31,458,12,76.04
8,82,14.97,198,17,58.14
25,95,5.09,567,9,80.78
6,28,0.68,309,9,25.62
-7,68,12.13,27,19,48.76
30,34,1.7,91,17,53.19
31,88,11.06,732,1,81.62
39,57,8.01,983,17,107.17
2,74,4.73,606,16,66.15
15,60,5.54,638,11,72.39
1,98,12.53,504,4,62.15
-10,94,10.87,344,22,59.01
-1,23,5.62,778,1,39.85
25,55,10.72,868,7,88.3
15,29,8.62,646,2,53.08
34,90,5.9,574,2,80.64
36,55,0.87,520,1,58.85
19,38,4.79,163,21,42.24
36,37,2.42,508,8,62.01
32,53,8.27,540,24,82.35
9,38,7.47,775,19,61.72
12,98,1.41,334,14,65.54
41,63,13.67,583,5,79.94
29,33,11.17,611,6,73.54
24,68,8.81,723,16,86.35
9,75,13.02,75,17,50.94
11,41,1.44,414,21,53.89
14,99,1.17,104,6,47.16
1,23,1.57,56,19,28.43
24,70,10.7,100,13,53.59
9,32,11.82,939,19,83.13
13,31,12.32,9,19,38.98
41,45,10.15,233,10,70.19
28,44,14.77,513,22,76.26
15,33,9.76,438,5,51.52
36,50,3.39,737,3,64.29
31,31,12.77,18,12,51.04
15,42,10.46,217,4,43.52
18,26,0.45,974,13,67.97
22,59,10.07,13,13,57.87
1,93,6.8,247,3,39.77
-8,87,13.53,180,7,43.54
9,76,12.06,7,22,53.94
36,91,14.16,547,23,108.04
33,82,2.55,628,18,81.03
6,93,4.87,175,17,51.13
-7,47,1.55,718,2,44.58
5,70,11.62,987,9,75.74
0,88,2.07,858,22,70.31
11,37,1.82,912,1,50.33
12,55,1.15,597,7,50.53
32,28,3.75,316,22,60.21
35,63,11.21,193,15,63.58
-1,91,2.39,835,23,75.29
23,59,1.22,811,13,67.67
38,100,2.29,710,24,93.12
30,58,4.71,713,17,77.83
45,48,3.94,419,13,68.89
36,95,14.74,942,4,100.91
-9,84,13.29,996,3,68.76
-2,91,13.48,581,7,72.4
13,27,2.71,183,2,28.93
-9,30,8.05,572,16,53.49
26,36,0.69,945,7,63.83
24,49,5.6,266,13,49.51
41,68,12.77,439,12,78.85
21,71,8.03,885,24,90.94
5,42,6.86,421,19,60.65
25,60,1.12,47,17,41.35
14,30,7.36,715,4,49.25
44,81,4.25,22,22,75.37
32,78,0.85,636,11,80.14
4,62,11.41,238,9,50.23
43,52,7.75,264,20,80.24
-9,38,7.77,934,24,65.73
14,53,4.51,642,18,69.58
-5,24,9.23,785,17,59.97
18,52,12.47,868,3,75.25
37,47,4.3,760,23,83.05
0,60,8.46,82,4,33.52
34,34,3.99,895,18,77.12
10,61,13.03,469,7,55.06
22,80,9.32,93,6,55.61
32,98,3.49,650,22,91.57
1,49,3.76,602,20,53.92
13,54,1.41,917,22,75.98
5,80,8.86,689,2,58.81
31,70,3.05,760,20,93.3
-6,71,2.28,290,19,41.52
32,45,8.54,343,13,61.67
32,55,10.83,730,24,87.57
36,87,2.49,544,13,73.95
24,66,9.05,635,16,75.56
32,28,9.43,93,19,50.21
36,39,7.21,644,23,84.19
35,82,1.47,140,17,56.99
18,24,6.16,340,11,38.99
9,84,1.87,199,24,63.53
15,50,4.87,990,14,78.74
14,57,6.71,350,12,46.51
26,51,11.54,380,7,57.18
-6,59,2.28,638,2,34.39
13,39,13.71,469,22,65.08
21,95,6.64,478,9,75.65
44,41,5.48,885,22,92.8
-3,28,9.54,690,6,44.09
3,58,6.35,172,24,57.28
43,92,12.93,426,11,90.2
-7,76,3.26,363,2,39.64
19,59,11.55,27,20,56.19
7,84,2.31,689,19,73.58
-9,48,13.07,571,18,61.06
16,39,0.21,486,19,52.82
-10,55,2.06,760,17,50.85
-3,30,3.91,911,15,65.8
45,66,1.18,36,4,47.18
-2,46,2.93,395,24,43.67
38,51,14.95,472,9,77.8
-4,40,8.5,355,19,40.76
27,72,0.8,26,8,45.53
37,29,6.12,372,13,65.15
-8,55,2.01,279,17,33.77
-8,99,6.92,219,4,46.92
32,62,13.09,911,16,92.29
33,49,2.6,498,3,57.7
17,60,11.07,398,8,64.05
24,77,9.05,911,13,93.1
3,86,8.67,905,11,70.89
35,67,14.59,155,8,61.98
-9,88,9.46,261,10,43.14
-3,89,2.76,335,1,33.82
-1,38,11.33,792,12,61.82
4,43,7.49,407,23,52.42
36,54,3.0,773,24,94.13
-2,90,9.65,138,8,36.36
-9,49,7.86,410,23,45.87
-8,83,2.88,462,14,43.95
3,51,1.17,513,9,48.25
4,52,12.01,137,19,56.53
7,89,7.51,848,12,73.75
-7,28,2.05,79,8,10.6
17,25,8.41,983,16,82.36
-7,37,0.44,967,22,65.15
37,60,7.13,275,7,62.84
28,43,1.2,785,4,58.95
5,52,7.53,396,17,57.44
35,83,7.63,502,20,82.21
24,71,10.62,798,1,78.44
39,25,12.68,508,9,64.52
14,29,6.87,459,15,55.25
5,93,5.03,816,16,78.08
41,77,10.59,27,7,56.06
19,22,13.66,991,9,78.23
38,40,9.81,902,22,89.79
17,95,12.42,326,24,84.46
13,96,1.45,390,1,45.29
-7,63,9.69,584,14,52.46
-7,53,7.19,722,11,56.57
-9,76,12.88,679,4,62.44
38,60,10.47,969,3,94.48
-5,34,7.03,292,15,43.6
0,65,5.56,520,8,56.3
34,75,10.6,164,3,63.09
31,73,13.42,72,22,75.4
7,75,1.58,698,4,62.0
1,66,6.1,195,11,35.2
10,31,5.54,599,5,44.21
-9,94,1.96,286,4,36.03
5,40,6.92,856,20,75.74
24,69,12.65,445,20,84.35
28,33,12.21,863,21,91.53
21,75,2.3,687,18,78.42
24,75,6.04,652,18,85.12
-5,43,3.37,79,1,11.68
35,77,7.15,430,19,80.85
21,79,12.36,793,18,98.51
32,67,12.08,924,7,91.53
20,87,14.48,267,18,68.06
27,53,6.28,944,22,98.34
7,80,3.23,637,4,62.7
0,69,12.06,935,9,78.33
16,97,14.68,8,12,58.74
26,41,6.65,893,4,76.63
18,77,2.04,331,2,45.58
38,52,8.37,159,10,64.6
22,41,5.56,919,6,63.26
1,92,4.62,689,6,64.85
2,21,0.63,418,16,43.07
18,55,11.56,197,2,50.57
33,57,14.75,568,1,77.79
12,44,7.81,622,21,65.9
11,61,1.45,0,14,42.6
26,66,8.65,901,2,73.18
37,97,14.48,495,2,83.31
38,82,12.9,524,9,88.81
26,100,4.61,163,20,63.81
21,79,7.74,371,9,58.31
-9,84,3.94,860,11,65.62
44,27,11.77,37,6,52.47
17,56,0.61,751,11,71.6
41,45,0.75,101,13,45.96
10,55,0.25,842,20,76.14
28,55,10.73,80,19,68.15
3,23,11.93,754,22,64.0
9,47,9.33,999,15,79.95
16,70,4.71,73,6,42.54
37,66,11.54,563,5,73.54
13,33,5.52,124,22,45.33
-8,75,7.09,482,7,39.2
4,62,2.1,293,22,55.68
9,42,8.87,75,6,29.2
16,66,4.39,296,4,48.45
13,84,10.39,788,22,83.39
11,88,11.67,867,8,88.67
0,24,0.02,465,11,30.59
5,95,9.59,92,15,57.99
38,52,2.63,717,15,74.94
-6,73,5.25,775,24,66.05
-10,29,12.02,760,22,68.46
42,33,10.76,47,4,43.1
22,73,3.44,931,16,86.12
-5,42,12.92,498,14,48.37
43,96,13.8,344,16,90.32
38,65,4.2,978,18,102.89
24,34,9.91,162,6,52.91
20,37,6.37,366,13,51.69
41,72,5.48,622,1,74.55
32,26,7.12,918,8,72.87
33,41,8.45,276,11,59.05
38,55,13.72,75,11,59.52
-5,85,6.24,351,10,40.57
7,83,2.32,149,3,34.8
5,31,4.34,156,16,40.76
-3,70,11.27,957,8,71.22
7,90,5.51,956,17,83.33
14,24,3.21,199,9,27.97
14,97,2.23,1,10,42.01
31,56,10.43,651,22,85.36
-7,95,5.28,907,11,68.13
30,60,6.31,902,3,84.95
22,44,7.25,737,14,74.26
44,20,0.37,356,13,55.33
13,76,12.45,195,16,65.97
-3,80,6.79,257,21,59.29
36,57,7.66,346,11,69.59
41,22,5.07,617,24,80.53
39,32,14.17,255,24,80.3
35,74,13.14,413,16,83.54
14,95,12.55,487,19,84.29
23,89,8.65,883,17,96.79
20,48,4.97,508,22,68.88
19,30,2.02,219,7,29.86
-2,71,2.25,170,15,39.36
4,99,13.35,9,14,53.38
43,94,5.42,778,16,96.47
19,50,2.93,573,1,52.47
22,33,0.62,486,22,55.83
4,76,3.76,822,20,73.4
1,41,10.4,69,9,28.54
9,23,12.49,202,24,51.52
11,56,10.49,148,24,49.62
-9,27,1.67,991,5,44.61
29,37,9.76,668,23,81.32
20,67,9.74,695,3,66.63
-6,30,13.66,771,11,54.17
32,95,2.16,420,18,74.54
31,85,13.21,114,20,75.17
18,36,10.1,960,8,71.49
21,54,3.64,987,22,81.32
31,26,11.15,448,12,66.09
21,30,7.56,828,8,65.12
5,66,9.7,406,17,60.51
5,81,13.99,681,6,63.2
14,72,12.56,792,23,85.51
9,36,8.31,856,7,61.19
44,44,5.13,949,24,100.7
27,61,10.29,4,11,47.49
-8,73,10.15,508,23,57.4
32,64,5.67,410,15,62.2
17,74,1.08,174,3,36.57
14,81,8.27,31,4,38.58
13,55,3.29,214,16,53.99
19,36,1.82,321,1,30.01
-9,55,7.07,796,4,57.68
5,74,13.47,89,22,50.08
10,34,1.1,925,16,59.48
6,67,5.14,55,7,31.0
28,44,8.24,795,13,73.39
7,40,3.22,943,11,59.85
29,64,13.11,943,10,92.96
40,64,2.47,26,14,59.06
-10,47,6.13,772,17,49.75
-10,73,14.39,672,17,65.12
42,28,10.2,797,18,86.76
8,23,11.17,941,24,73.83
24,95,9.9,269,8,66.51
6,21,13.69,903,12,73.3
38,45,0.79,694,21,78.39
25,75,8.05,292,21,76.29
-5,73,11.86,106,5,40.09
4,85,7.87,639,23,69.2
38,54,1.11,923,10,87.62
39,85,0.15,123,12,64.17
37,94,4.55,415,22,84.63
28,87,7.82,0,22,67.06
-10,49,3.8,967,18,58.99
19,79,2.49,208,15,57.89
43,45,11.37,703,2,79.71
39,24,10.87,465,3,68.33
21,45,8.8,478,18,64.52
7,69,0.8,783,3,53.8
28,54,12.22,910,9,80.76
40,56,0.47,580,15,78.94
34,55,9.88,643,8,81.75
9,49,14.83,127,8,47.5
6,49,11.66,656,24,77.91
30,31,3.2,2,3,30.4
15,84,5.95,366,24,66.57
-9,69,8.35,809,22,75.28
45,89,2.6,950,23,104.9
45,95,4.88,602,17,91.85
36,21,10.39,446,9,69.88
-7,47,8.22,684,1,40.34
-5,28,6.52,61,2,19.7
11,69,11.81,448,2,50.43
28,99,4.78,94,10,52.42
19,24,8.47,128,23,52.0
-3,81,3.41,589,15,54.29
19,69,10.95,357,17,63.94
29,93,0.03,920,14,85.93
40,90,6.44,964,15,102.07
-5,84,14.68,185,23,54.55
36,62,11.94,630,16,86.0
9,86,3.44,592,20,76.33
6,70,2.42,414,14,59.07
-4,58,2.37,275,6,22.53
-5,96,7.04,557,11,52.04
17,41,10.29,900,20,82.39
32,75,11.93,932,3,92.37
0,45,9.15,38,24,41.19
-7,27,5.18,909,23,61.26
30,63,6.45,555,3,59.92
34,52,8.8,161,14,56.52
20,27,12.79,167,24,60.48
18,55,7.48,413,20,63.89
40,86,8.16,519,7,87.93
-5,72,1.34,927,1,51.19
-1,88,6.0,81,17,50.17
11,24,0.13,432,19,49.42
-1,27,5.38,460,23,48.26
31,99,1.38,301,14,62.43
22,27,12.64,237,11,57.28
45,63,13.31,298,20,89.25
21,29,9.55,806,18,74.58
12,38,8.38,60,16,33.89
6,34,14.11,322,17,60.34
1,40,9.88,731,12,66.71
13,39,12.5,618,9,64.64
2,94,9.8,546,11,65.02
12,79,9.22,885,14,86.35
11,76,12.07,764,8,78.36
34,87,7.81,110,10,68.17
42,53,11.17,427,20,85.93
14,91,3.31,543,8,66.02
36,47,4.15,728,23,80.65
5,92,2.9,776,8,61.8
3,93,6.47,740,20,72.86
2,82,8.59,208,16,56.98
-2,98,13.58,805,21,86.48
37,61,5.76,901,2,83.34
4,41,6.85,268,19,47.62
12,97,12.06,505,6,68.16
25,28,14.45,238,14,66.4
45,95,7.73,336,20,83.96
-5,92,7.03,410,20,60.09
21,65,14.06,121,1,42.33
26,34,12.83,357,14,71.31
29,90,8.0,664,19,85.43
2,87,5.17,713,5,61.16
43,81,3.41,165,9,60.79
-1,50,10.67,429,24,58.26
27,22,5.28,87,13,41.01
42,37,4.05,811,2,78.47
44,65,10.91,390,18,91.78
40,48,14.99,393,24,92.92
4,31,6.1,955,15,75.05
21,29,14.62,776,23,84.16
-8,81,7.83,37,15,29.79
6,93,1.94,888,15,75.77
14,35,14.9,392,20,67.2
-6,89,9.74,43,9,31.56
25,39,13.4,419,15,64.77
42,41,2.92,778,22,85.07
3,53,9.34,909,20,80.79
-3,40,4.99,4,20,26.64
12,71,11.48,881,14,85.69
36,67,14.23,849,11,104.46
18,48,14.81,614,17,77.81
26,20,2.46,124,21,46.07
36,78,14.9,263,8,76.6
19,73,1.92,191,6,39.06
9,22,2.7,357,24,41.09
5,34,1.63,618,3,43.46
42,23,8.22,121,7,46.75
37,84,1.44,909,5,84.49
4,28,11.18,866,2,61.64
42,82,7.83,665,3,87.49
-4,76,5.0,398,9,42.27
36,37,9.13,147,24,69.68
24,65,11.26,131,15,55.87
12,66,10.59,106,21,54.61
44,67,5.0,809,24,105.35
3,68,13.12,624,7,57.81
24,55,1.25,299,2,35.99
24,97,11.14,419,7,68.37
11,76,5.17,829,23,87.78
5,36,1.23,990,9,55.31
30,26,13.05,90,17,53.6
12,58,9.37,560,15,67.8
18,87,7.11,787,9,82.74
0,75,12.72,227,18,56.57
30,55,7.24,637,4,75.17
20,57,4.96,0,6,37.36
-2,26,9.17,44,17,32.6
7,70,1.51,355,20,53.73
27,72,4.54,618,8,73.17
38,90,7.44,358,19,88.81
39,24,8.82,669,24,86.36
22,54,13.98,633,21,77.81
28,96,14.19,541,23,93.07
42,30,12.54,163,19,65.76
33,25,14.52,752,23,95.41
5,26,8.6,468,16,56.68
-7,50,9.91,980,17,74.64
2,58,12.78,778,14,65.13
32,49,8.23,704,17,79.85
3,100,2.38,144,4,35.37
27,44,9.5,543,24,72.91
42,73,0.9,152,13,64.39
36,29,4.8,997,9,84.09
0,81,5.44,913,21,80.65
-9,90,10.96,728,13,64.24
39,42,11.32,67,14,60.42
41,71,2.52,82,5,55.24
43,74,14.12,258,22,94.31
37,77,10.42,671,18,92.54
11,82,3.25,529,22,72.86
-4,44,13.72,840,22,75.91
36,71,2.65,77,2,48.25
38,63,8.23,117,7,61.24
3,47,10.39,577,13,63.49
-5,43,8.13,440,4,45.0
19,65,2.17,502,15,62.28
35,41,6.75,830,3,76.69
-10,67,4.19,850,16,68.08
11,79,5.97,136,5,40.76
31,49,12.65,542,1,69.93
13,29,8.18,545,24,61.75
38,47,12.86,28,23,71.27
-4,42,10.38,78,6,20.65
8,81,4.65,772,9,68.23
5,98,7.79,510,9,66.22
25,24,7.66,19,8,34.12
-8,91,7.65,959,24,77.84
34,89,2.84,126,19,71.22
33,71,0.15,146,18,52.23
37,87,6.04,867,20,96.66
34,53,2.0,844,16,87.61
-10,81,2.29,997,2,62.64
-5,82,9.65,192,22,51.18
38,38,6.44,783,3,80.53
-5,95,8.43,689,15,62.79
43,40,2.32,687,6,70.03
37,96,11.05,464,21,95.86
40,71,3.94,659,4,71.71
-8,92,9.35,534,4,45.54
26,60,8.98,359,14,60.17
11,75,11.64,228,17,63.86
16,45,9.79,671,21,74.36
6,67,13.62,210,22,59.28
-3,95,1.11,363,5,43.51
42,87,8.82,258,23,85.76
3,67,1.13,416,13,48.04
-5,20,4.01,387,6,19.56
26,50,11.49,445,20,75.49
40,80,13.18,810,4,92.74
37,52,9.54,173,4,54.9
-10,34,14.14,612,5,47.77
17,78,5.53,69,4,35.77
16,54,13.45,47,6,52.19
6,61,5.84,813,19,73.13
30,49,5.49,128,12,48.44
29,60,7.09,514,16,69.09
16,46,7.2,405,9,45.09
45,81,1.56,321,4,69.79
22,24,7.13,224,18,52.5
36,29,14.72,973,13,97.87
44,77,4.69,668,19,92.42
-10,60,4.87,100,10,27.77
-4,89,6.42,377,8,48.7
-10,90,12.65,1,5,35.91
19,20,13.98,51,10,46.15
7,82,6.64,890,13,77.53
2,44,8.46,505,7,42.39
34,67,13.04,747,16,87.73
17,40,13.09,383,14,62.03
-3,66,7.76,159,1,37.01
23,68,9.57,565,19,82.87
5,58,8.6,32,21,49.9
12,45,13.51,16,13,41.2
31,31,3.01,660,20,74.48
-4,78,9.79,509,6,49.05
-5,76,2.97,257,14,38.19
18,98,7.59,901,14,90.39
44,62,5.5,973,5,96.79
23,29,5.0,408,11,53.63
17,78,2.17,585,23,70.9
28,59,14.58,997,10,103.21
38,58,2.65,296,17,62.59
16,85,12.03,365,9,70.41
0,46,2.49,728,24,66.31
-2,53,10.15,191,24,48.85
16,30,6.58,596,1,47.84
41,25,4.54,609,12,69.03
35,28,4.98,704,22,77.69
30,43,12.18,326,22,79.84
43,56,11.69,399,20,77.83
26,84,0.48,427,3,56.99
27,86,9.45,341,1,58.46
-2,67,3.12,46,19,33.25
32,80,8.11,635,18,91.64
6,74,13.07,406,20,70.1
8,50,13.23,822,5,76.28
4,88,7.66,225,9,49.25
3,85,14.74,39,13,45.83
8,27,9.09,922,24,82.49
-10,58,11.46,464,19,62.56
42,68,3.52,490,11,75.15
40,44,4.21,556,10,61.97
-7,24,1.48,102,18,17.63
41,20,14.08,686,16,90.79
-10,88,11.07,683,19,78.61
40,51,12.05,534,21,90.98
9,70,4.49,666,17,63.72
38,48,13.18,296,3,69.66
33,40,5.9,460,7,54.18
27,40,13.86,477,17,73.12
-1,100,7.2,562,7,66.86
0,47,1.2,464,6,35.55
-2,59,5.94,300,1,40.19
39,99,0.95,688,4,74.26
45,52,6.83,749,1,78.21
35,64,9.96,573,15,84.81
44,40,0.8,375,4,59.71
17,72,4.33,808,5,73.72
1,92,12.29,440,21,77.84
0,88,9.42,963,11,85.65
-6,72,4.34,714,2,48.93
2,57,8.25,410,4,37.24
45,86,7.41,418,15,80.68
-8,100,12.8,814,4,71.17
20,79,6.45,379,21,75.67
8,45,6.75,234,13,44.87
31,95,6.75,810,17,99.26
6,45,10.09,511,23,62.41
5,53,13.51,166,12,49.84
0,29,8.78,215,21,49.6
7,82,0.21,79,4,27.45
45,95,7.54,949,24,111.08
11,51,10.09,677,17,63.48
21,41,4.79,2,17,34.74
7,52,6.37,279,10,39.84
33,71,1.98,472,4,58.14
31,100,8.58,503,10,81.03
44,59,9.45,584,13,91.26
26,97,3.24,179,16,71.01
32,75,13.51,689,20,95.9
-5,20,6.62,600,18,44.28
43,99,0.65,131,11,67.46
28,56,3.41,881,16,76.22
40,67,4.52,208,2,60.06
34,32,5.39,65,18,52.33
41,76,11.98,951,1,96.66
18,97,6.59,340,5,57.08
-6,34,6.36,353,19,33.63
6,38,1.21,444,20,55.63
12,63,3.52,690,10,68.63
1,56,3.7,990,18,70.22
-2,21,8.15,695,14,53.33
21,21,11.15,893,11,78.37
-10,51,3.46,727,21,49.0
42,77,13.86,141,22,75.71
18,38,1.13,204,15,35.81
-1,86,13.36,511,17,71.47
22,33,2.59,368,4,44.98
2,57,8.73,888,10,65.56
37,41,12.75,218,24,76.4
13,48,7.42,649,8,58.27
39,35,2.92,802,11,79.55
17,35,14.82,265,8,51.2
8,40,9.66,348,18,58.07
38,38,7.77,305,23,75.23
-3,43,1.52,131,6,26.85
18,36,13.41,72,16,50.28
22,61,4.81,665,20,70.81
29,66,6.03,619,22,79.75
2,73,1.18,433,11,52.41
45,99,11.07,520,6,91.98
19,35,2.08,640,10,50.99
5,75,3.42,753,12,61.03
-3,35,12.56,35,12,33.61
44,54,12.99,834,9,96.04
40,20,9.13,933,8,81.93
33,90,15.0,372,20,91.47
37,65,2.86,16,6,49.04
-7,85,5.92,325,5,43.37
-7,75,13.04,944,21,79.91
17,41,6.68,156,22,54.33
7,94,6.83,47,8,39.97
17,21,8.84,720,7,62.78
12,90,8.52,832,8,80.54
7,99,13.28,852,13,88.76
30,53,10.34,885,3,77.58
21,96,0.15,373,13,62.52
42,32,9.38,263,3,60.96
19,84,0.08,554,14,66.85
33,97,7.97,305,11,66.33
-8,55,1.08,654,13,40.6
1,60,13.11,818,22,81.19
12,61,5.39,730,11,70.99
33,70,7.6,358,20,76.9
39,54,13.97,462,2,65.96
-4,94,12.22,247,5,47.62
16,95,14.12,719,14,82.85
-5,87,8.14,707,5,54.14
24,30,9.66,550,6,53.65
4,28,4.62,92,4,27.3
5,95,14.02,899,12,81.26
-3,86,13.04,300,21,68.14
19,68,1.48,302,11,50.05
16,50,10.62,227,10,46.91
-3,54,3.55,188,6,25.49
9,53,0.62,682,12,54.4
0,63,14.69,646,11,68.65
31,21,7.97,301,9,46.29
13,20,12.94,176,17,45.32
-9,92,7.4,991,24,85.44
0,20,5.58,755,20,63.99
39,39,10.57,410,2,64.56
22,35,0.63,818,8,64.05
-1,41,0.39,786,17,49.79
-9,57,6.03,793,15,52.37
-10,69,3.02,67,23,35.04
21,43,4.9,317,24,52.91
21,79,4.22,421,23,74.71
3,32,2.49,963,24,70.5
-5,86,9.08,24,12,33.7
16,62,14.19,103,1,40.49
26,64,10.72,798,24,96.4
20,39,11.29,650,20,80.41
11,70,6.54,496,23,62.26
34,48,2.49,607,3,53.96
20,83,0.1,448,2,48.41
17,57,5.82,970,9,75.93
6,53,7.32,703,6,64.67
3,95,4.35,175,8,42.44
35,50,2.28,284,23,66.29
42,100,9.15,952,21,116.15
21,90,2.34,547,15,76.02
16,72,3.35,14,12,36.67
8,85,14.26,585,12,69.53
5,25,1.81,503,19,45.96
45,47,4.27,974,21,104.03
-8,98,5.4,135,19,47.48
12,61,8.19,781,2,56.3
15,38,7.07,339,8,45.34
22,50,1.74,447,2,43.26
8,61,11.97,320,11,49.31
4,46,8.35,111,12,34.44
4,34,6.56,263,13,32.63
2,31,5.49,201,10,34.65
38,38,9.33,891,19,87.78
16,85,8.06,392,20,72.79
45,35,5.6,344,19,67.82
30,72,2.62,80,22,58.74
20,30,8.31,110,22,47.01
43,73,4.9,427,5,77.25
6,24,0.83,371,20,45.98
-2,38,2.47,813,13,59.52
43,30,11.74,752,13,86.03
12,62,13.16,547,22,69.27
20,30,10.17,326,5,43.91
-1,81,11.26,96,10,39.38
34,74,7.43,68,10,63.58
-1,42,14.32,327,7,48.13
18,99,2.07,80,21,55.31
-2,49,9.88,168,21,48.32
28,47,9.04,570,11,75.57
43,54,13.02,682,10,88.7
1,27,10.98,710,7,56.3
41,48,4.28,562,17,69.97
18,67,3.93,739,20,77.99
-5,89,3.13,727,14,58.96
27,62,3.11,239,21,61.2
19,99,6.55,337,20,76.01
3,43,1.33,862,16,62.25
-4,60,7.44,930,18,74.79
41,47,5.55,16,3,50.76
11,36,11.32,702,12,72.07
0,99,12.37,380,10,67.89
20,46,14.67,636,3,74.41
14,25,11.75,219,21,57.74
-4,53,13.98,106,17,36.57
20,42,9.47,68,24,56.85
41,67,8.21,794,12,85.24
8,28,12.77,631,14,69.31
19,79,13.19,52,12,62.7
21,72,6.19,419,11,62.22
32,54,7.17,299,4,58.88
3,90,1.99,917,16,71.11
27,69,3.1,776,9,68.99
9,67,4.12,44,14,33.24
8,80,3.19,640,17,63.7
26,60,0.32,980,17,81.02
-1,47,10.95,205,15,35.64
19,50,8.32,569,14,61.51
2,32,9.78,365,9,36.92
